timestamp_utc,batch_id,operational_state,WHP_WELL_A_bar,WHP_WELL_B_bar,ANNULUS_PRESS_bar,INJ_RATE_FT01_m3h,INJ_RATE_FT02_m3h,CO2_TOTAL_SENSOR_m3,CO2_TOTAL_CALC_m3,TEMP_SURF_01_degC,TEMP_SURF_02_degC,CO2_TRACER_01_ppm,WATER_FLOW_m3h,ENERGY_PER_TONNE_kWht,INGESTION_LATENCY_sec
2024-03-15 06:00:00,STR1-2024-03-15-0800,active_injection,142.671,142.096,122.942,87.535,88.161,2.918,2.918,22.42,22.993,46.171662639393446,12.776,176.413,7.8
2024-03-15 06:02:00,STR1-2024-03-15-0800,active_injection,143.636,143.413,119.831,86.951,86.094,5.816,5.816,22.593,23.095,46.37251850044292,12.905,176.685,38.4
2024-03-15 06:04:00,STR1-2024-03-15-0800,active_injection,143.43,142.102,122.975,87.196,86.125,8.723,8.723,22.353,23.091,46.71759049629848,12.991,175.676,38.2
2024-03-15 06:06:00,STR1-2024-03-15-0800,active_injection,143.224,141.788,124.623,88.108,88.591,11.66,11.66,22.286,23.111,46.51698026035556,13.174,173.78,30.7
2024-03-15 06:08:00,STR1-2024-03-15-0800,active_injection,143.896,144.871,117.368,87.366,87.143,14.572,14.572,22.349,23.462,46.36935324414018,12.77,173.088,35.5
2024-03-15 06:10:00,STR1-2024-03-15-0800,maintenance,144.449,146.077,121.188,87.509,88.223,17.489,17.489,22.242,23.457,,12.628,172.92,23.5
2024-03-15 06:12:00,STR1-2024-03-15-0800,maintenance,143.655,143.568,123.261,86.966,87.439,20.388,20.388,22.494,23.423,,12.802,177.312,8.7
2024-03-15 06:14:00,STR1-2024-03-15-0800,maintenance,142.951,144.155,121.102,87.34,87.267,23.299,23.299,22.401,23.288,,12.438,178.216,12.7
2024-03-15 06:16:00,STR1-2024-03-15-0800,active_injection,142.748,143.182,122.078,86.45,85.603,26.181,26.181,22.389,23.255,44.79232044982935,12.194,179.214,6.0
2024-03-15 06:18:00,STR1-2024-03-15-0800,active_injection,142.544,141.77,119.954,85.566,84.051,29.033,29.033,22.64,23.419,45.24192983139499,11.74,183.084,71.7
2024-03-15 06:20:00,STR1-2024-03-15-0800,active_injection,141.602,142.036,120.535,85.536,85.089,31.884,31.884,23.159,23.343,45.8554553943873,11.833,184.049,26.3
2024-03-15 06:22:00,STR1-2024-03-15-0800,active_injection,139.765,141.611,118.489,85.969,86.825,34.75,34.75,23.496,23.577,46.32879460703901,11.837,184.342,15.4
2024-03-15 06:24:00,STR1-2024-03-15-0800,active_injection,138.878,138.835,120.382,85.544,85.758,37.601,37.601,22.839,23.704,47.356547786520366,11.896,184.124,18.6
2024-03-15 06:26:00,STR1-2024-03-15-0800,active_injection,138.092,139.969,117.887,86.4,85.154,40.481,40.481,22.662,23.741,47.35937889700408,12.14,183.667,88.3
2024-03-15 06:28:00,STR1-2024-03-15-0800,active_injection,137.675,134.532,117.699,86.72,86.893,43.372,43.372,23.167,23.891,47.783284128234946,12.515,182.294,5.0
2024-03-15 06:30:00,STR1-2024-03-15-0800,active_injection,138.145,139.132,116.6,484.718,86.942,59.529,59.529,22.842,23.656,47.6259559854814,12.603,180.067,26.5
2024-03-15 06:32:00,STR1-2024-03-15-0800,active_injection,137.329,137.433,115.754,87.338,86.455,62.44,62.44,22.506,23.573,47.99528564819271,12.412,178.797,21.1
2024-03-15 06:34:00,STR1-2024-03-15-0800,active_injection,137.613,137.254,116.106,86.628,86.782,65.328,65.328,22.455,23.415,47.11150109247253,12.309,178.101,28.4
2024-03-15 06:36:00,STR1-2024-03-15-0800,active_injection,139.69,139.8,119.525,87.106,87.164,68.232,68.232,22.573,23.214,45.615048942626366,12.16,177.305,0.5
2024-03-15 06:38:00,STR1-2024-03-15-0800,active_injection,139.864,137.479,118.042,87.005,85.862,71.132,71.132,22.658,23.31,45.69902640134838,12.145,179.133,61.7
2024-03-15 06:40:00,STR1-2024-03-15-0800,active_injection,140.534,140.271,120.034,86.662,87.019,74.02,74.02,21.757,23.06,44.20091822083314,11.653,178.651,80.7
2024-03-15 06:42:00,STR1-2024-03-15-0800,active_injection,139.325,139.753,122.577,86.873,87.433,76.916,76.916,21.693,23.06,43.84636970712358,11.825,179.655,25.0
2024-03-15 06:44:00,STR1-2024-03-15-0800,active_injection,139.517,141.291,120.332,86.642,87.725,79.804,79.804,21.554,23.06,42.37190190973789,11.878,179.955,35.8
2024-03-15 06:46:00,STR1-2024-03-15-0800,active_injection,140.483,139.861,118.758,87.481,88.534,82.72,82.72,21.15,23.06,42.851247945653576,11.975,181.15,76.7
2024-03-15 06:48:00,STR1-2024-03-15-0800,active_injection,138.688,137.718,120.288,86.87,85.493,85.616,85.616,21.661,23.06,43.44198685463254,11.972,179.125,36.9
2024-03-15 06:50:00,STR1-2024-03-15-0800,active_injection,139.039,138.437,117.367,85.776,84.838,88.475,88.475,21.387,23.06,44.6797685969625,11.851,175.427,5.0
2024-03-15 06:52:00,STR1-2024-03-15-0800,active_injection,138.544,139.642,113.686,86.663,87.178,91.364,91.364,21.947,23.06,46.216928378210426,12.059,177.356,25.8
2024-03-15 06:54:00,STR1-2024-03-15-0800,active_injection,139.249,139.644,116.346,86.71,87.223,94.254,94.254,22.179,23.06,46.191354061219606,11.929,175.498,28.0
2024-03-15 06:56:00,STR1-2024-03-15-0800,active_injection,139.161,138.525,114.545,86.706,87.221,97.144,97.144,22.517,23.06,46.12171305632227,12.095,176.726,16.6
2024-03-15 06:58:00,STR1-2024-03-15-0800,active_injection,140.272,140.888,118.528,86.524,90.377,100.029,100.029,22.48,23.06,46.292475748837425,12.133,177.309,40.0
2024-03-15 07:00:00,STR1-2024-03-15-0800,active_injection,140.98,123.097,119.87,86.756,87.327,102.92,102.92,22.386,23.302,45.46148115743852,11.953,177.78,81.7
2024-03-15 07:02:00,STR1-2024-03-15-0800,active_injection,139.975,123.137,122.331,87.403,88.539,105.834,105.834,22.674,23.057,45.43912512075776,12.145,177.722,77.9
2024-03-15 07:04:00,STR1-2024-03-15-0800,active_injection,140.873,122.031,120.396,87.308,88.262,108.744,108.744,22.566,23.115,45.55363326202537,12.143,176.888,18.0
2024-03-15 07:06:00,STR1-2024-03-15-0800,active_injection,140.204,121.811,118.735,86.887,87.538,111.64,111.64,22.632,22.986,45.60749726380423,12.178,179.003,3.6
2024-03-15 07:08:00,STR1-2024-03-15-0800,active_injection,140.694,122.224,121.249,87.56,87.244,114.559,114.559,22.383,22.851,45.20013733493296,12.172,179.31,125.7
2024-03-15 07:10:00,STR1-2024-03-15-0800,active_injection,138.103,118.347,112.965,87.613,88.372,117.479,117.479,22.551,22.947,45.631113936262416,11.907,178.074,54.8
2024-03-15 07:12:00,STR1-2024-03-15-0800,active_injection,137.177,137.532,117.071,87.4,86.627,120.393,120.393,22.332,23.003,46.23396061714643,11.965,178.525,4.0
2024-03-15 07:14:00,STR1-2024-03-15-0800,active_injection,137.963,138.276,118.81,87.576,87.34,123.312,123.312,22.253,23.022,45.937139390205985,11.738,180.737,76.1
2024-03-15 07:16:00,STR1-2024-03-15-0800,active_injection,137.857,137.863,114.221,87.048,86.563,126.214,126.214,22.472,22.722,44.55020550044816,12.07,179.28,61.2
2024-03-15 07:18:00,STR1-2024-03-15-0800,active_injection,138.735,138.454,120.212,87.674,87.756,129.136,129.136,22.512,22.787,44.48510581502362,12.181,178.997,21.9
2024-03-15 07:20:00,STR1-2024-03-15-0800,active_injection,138.469,136.77,118.375,87.379,89.694,136.538,132.049,22.789,22.966,45.34429492942815,12.102,177.446,26.8
2024-03-15 07:22:00,STR1-2024-03-15-0800,active_injection,139.525,139.02,117.765,86.84,84.973,139.531,134.943,22.662,22.935,44.690849039227814,12.268,179.51,15.3
2024-03-15 07:24:00,STR1-2024-03-15-0800,active_injection,139.374,138.963,119.734,87.738,88.424,142.555,137.868,23.074,22.787,44.52308622611451,12.327,178.36,380.0
2024-03-15 07:26:00,STR1-2024-03-15-0800,active_injection,138.713,137.75,122.448,87.636,86.023,145.576,140.789,22.761,22.92,44.21560303630152,12.457,174.952,12.2
2024-03-15 07:28:00,STR1-2024-03-15-0800,active_injection,137.864,137.67,117.548,88.385,87.913,148.622,143.735,22.708,22.816,44.47900665100741,12.277,175.008,48.7
2024-03-15 07:30:00,STR1-2024-03-15-0800,active_injection,138.404,138.889,118.14,88.847,89.936,151.685,146.697,22.693,22.541,44.70750441997365,12.374,174.347,0.1
2024-03-15 07:32:00,STR1-2024-03-15-0800,active_injection,138.66,140.924,116.943,88.262,88.326,154.727,149.639,22.432,22.38,44.765030385970505,12.396,175.577,12.2
2024-03-15 07:34:00,STR1-2024-03-15-0800,active_injection,137.636,137.845,115.291,88.29,87.212,157.77,152.582,22.555,22.429,44.99875950611751,12.291,173.61,15.2
2024-03-15 07:36:00,STR1-2024-03-15-0800,active_injection,138.788,139.097,119.63,87.518,86.803,160.786,155.499,22.087,22.559,45.57959968090158,46.623,175.48,23.1
2024-03-15 07:38:00,STR1-2024-03-15-0800,active_injection,138.961,138.871,116.404,87.006,87.686,163.785,158.399,22.379,22.766,44.70585366880889,45.569,175.671,75.7
2024-03-15 07:40:00,STR1-2024-03-15-0800,active_injection,138.767,136.464,118.095,86.631,85.901,166.771,161.287,22.291,23.151,44.47260679813238,44.49,177.753,12.8
2024-03-15 07:42:00,STR1-2024-03-15-0800,active_injection,138.42,138.388,116.701,85.983,86.2,169.734,164.153,22.343,23.359,45.18263495159228,44.799,176.074,12.8
2024-03-15 07:44:00,STR1-2024-03-15-0800,active_injection,138.828,138.9,118.962,86.201,86.246,172.705,167.027,22.359,23.475,45.288644141726124,45.901,310.0,40.1
2024-03-15 07:46:00,STR1-2024-03-15-0800,active_injection,140.574,143.53,120.155,86.859,86.208,175.699,169.922,22.345,23.344,44.65718145641848,46.066,176.127,18.1
2024-03-15 07:48:00,STR1-2024-03-15-0800,active_injection,139.748,139.518,120.861,87.235,89.379,178.706,172.83,22.566,23.289,45.076950005135295,46.498,174.129,7.6
2024-03-15 07:50:00,STR1-2024-03-15-0800,active_injection,139.749,140.111,117.767,88.181,88.815,181.745,175.769,22.726,22.995,45.69710836820066,12.585,175.831,18.1
2024-03-15 07:52:00,STR1-2024-03-15-0800,active_injection,140.371,140.33,118.776,88.103,86.078,184.782,178.706,23.007,22.906,47.05381404560038,13.197,177.261,4.6
2024-03-15 07:54:00,STR1-2024-03-15-0800,active_injection,140.564,139.161,117.522,89.094,89.281,187.853,181.676,22.963,22.794,46.44873487535618,13.164,178.107,5.8
2024-03-15 07:56:00,STR1-2024-03-15-0800,active_injection,139.826,141.198,117.964,88.979,88.317,190.919,184.642,22.891,22.798,46.282577869366385,12.945,178.976,20.7
2024-03-15 07:58:00,STR1-2024-03-15-0800,active_injection,139.156,140.058,119.037,88.634,89.487,193.974,187.596,23.03,22.965,46.65682113764466,12.978,178.913,16.3
